{
  "Cube": {
    "position": [
      0.0,
      0.0,
      25.0
    ],
    "rotation": [
      0.0,
      0.0,
      0.0
    ]
  },
  "Sphere": {
    "position": [
      -11.0,
      17.0,
      27.0
    ],
    "rotation": [
      0.0,
      0.0,
      0.0
    ]
  },
  "Sphere.001": {
    "position": [
      15.0,
      -17.0,
      26.0
    ],
    "rotation": [
      0.0,
      0.0,
      0.0
    ]
  },
  "Sphere.002": {
    "position": [
      -16.0,
      -17.0,
      30.0
    ],
    "rotation": [
      0.0,
      0.0,
      0.0
    ]
  },
  "Sphere.003": {
    "position": [
      17.0,
      16.0,
      29.0
    ],
    "rotation": [
      0.0,
      0.0,
      0.0
    ]
  },
  "Cone": {
    "position": [
      -1.0,
      -15.0,
      30.0
    ],
    "rotation": [
      0.0,
      0.0,
      0.0
    ]
  },
  "Cone.001": {
    "position": [
      1.0,
      16.0,
      35.0
    ],
    "rotation": [
      0.0,
      0.0,
      0.0
    ]
  },
  "Cube.001": {
    "position": [
      -15.0,
      2.0,
      29.0
    ],
    "rotation": [
      0.0,
      0.0,
      0.0
    ]
  },
  "Cube.002": {
    "position": [
      -40.0,
      -1.0,
      31.0
    ],
    "rotation": [
      0.0,
      0.0,
      0.0
    ]
  },
  "Cube.003": {
    "position": [
      -54.0,
      13.0,
      42.0
    ],
    "rotation": [
      0.0,
      0.0,
      0.0
    ]
  },
  "Cube.004": {
    "position": [
      -54.0,
      -15.0,
      42.0
    ],
    "rotation": [
      0.0,
      0.0,
      0.0
    ]
  },
  "Torus": {
    "position": [
      -52.0,
      -27.0,
      28.0
    ],
    "rotation": [
      -90.0,
      0.0,
      0.0
    ]
  },
  "Torus.001": {
    "position": [
      -27.0,
      -29.0,
      31.0
    ],
    "rotation": [
      -90.0,
      0.0,
      0.0
    ]
  },
  "Torus.002": {
    "position": [
      -31.6,
      35.800000000000004,
      41.300000000000004
    ],
    "rotation": [
      30.0,
      150.0,
      -15.0
    ]
  },
  "Torus.003": {
    "position": [
      -32.4,
      35.2,
      26.700000000000003
    ],
    "rotation": [
      105.0,
      -150.0,
      105.0
    ]
  },
  "Torus.004": {
    "position": [
      -7.0,
      38.400000000000006,
      42.5
    ],
    "rotation": [
      165.0,
      -105.0,
      75.0
    ]
  },
  "Torus.005": {
    "position": [
      -15.0,
      46.6,
      33.5
    ],
    "rotation": [
      -90.0,
      75.0,
      -120.0
    ]
  },
  "Torus.006": {
    "position": [
      -16.0,
      70.60000000000001,
      33.5
    ],
    "rotation": [
      -60.0,
      -165.0,
      0.0
    ]
  },
  "Torus.007": {
    "position": [
      -8.0,
      62.400000000000006,
      42.5
    ],
    "rotation": [
      -120.0,
      45.0,
      -165.0
    ]
  },
  "Torus.008": {
    "position": [
      -33.4,
      59.2,
      26.700000000000003
    ],
    "rotation": [
      60.0,
      -105.0,
      -165.0
    ]
  },
  "Torus.009": {
    "position": [
      -32.6,
      59.800000000000004,
      41.300000000000004
    ],
    "rotation": [
      -120.0,
      -120.0,
      45.0
    ]
  },
  "Torus.010": {
    "position": [
      -34.6,
      85.80000000000001,
      41.300000000000004
    ],
    "rotation": [
      0.0,
      -120.0,
      15.0
    ]
  },
  "Torus.011": {
    "position": [
      -35.4,
      85.2,
      26.700000000000003
    ],
    "rotation": [
      30.0,
      -30.0,
      165.0
    ]
  },
  "Torus.012": {
    "position": [
      -10.0,
      88.4,
      42.5
    ],
    "rotation": [
      15.0,
      120.0,
      -30.0
    ]
  },
  "Torus.013": {
    "position": [
      -18.0,
      96.60000000000001,
      33.5
    ],
    "rotation": [
      -135.0,
      -60.0,
      -45.0
    ]
  },
  "Torus.014": {
    "position": [
      31.0,
      94.60000000000001,
      35.5
    ],
    "rotation": [
      -15.0,
      90.0,
      30.0
    ]
  },
  "Torus.015": {
    "position": [
      39.0,
      86.4,
      44.5
    ],
    "rotation": [
      0.0,
      135.0,
      15.0
    ]
  },
  "Torus.016": {
    "position": [
      13.600000000000001,
      83.2,
      28.700000000000003
    ],
    "rotation": [
      0.0,
      -150.0,
      165.0
    ]
  },
  "Torus.017": {
    "position": [
      14.4,
      83.80000000000001,
      43.300000000000004
    ],
    "rotation": [
      90.0,
      -90.0,
      -90.0
    ]
  },
  "Torus.018": {
    "position": [
      16.400000000000002,
      57.800000000000004,
      43.300000000000004
    ],
    "rotation": [
      135.0,
      15.0,
      -90.0
    ]
  },
  "Torus.019": {
    "position": [
      15.600000000000001,
      57.2,
      28.700000000000003
    ],
    "rotation": [
      30.0,
      120.0,
      15.0
    ]
  },
  "Torus.020": {
    "position": [
      41.0,
      60.400000000000006,
      44.5
    ],
    "rotation": [
      60.0,
      -30.0,
      -30.0
    ]
  },
  "Torus.021": {
    "position": [
      33.0,
      68.60000000000001,
      35.5
    ],
    "rotation": [
      -75.0,
      30.0,
      -150.0
    ]
  },
  "Torus.022": {
    "position": [
      34.0,
      44.6,
      35.5
    ],
    "rotation": [
      45.0,
      -165.0,
      150.0
    ]
  },
  "Torus.023": {
    "position": [
      42.0,
      36.4,
      44.5
    ],
    "rotation": [
      75.0,
      -105.0,
      135.0
    ]
  },
  "Torus.024": {
    "position": [
      16.6,
      33.2,
      28.700000000000003
    ],
    "rotation": [
      -165.0,
      -120.0,
      -135.0
    ]
  },
  "Torus.025": {
    "position": [
      17.400000000000002,
      33.800000000000004,
      43.300000000000004
    ],
    "rotation": [
      0.0,
      -180.0,
      135.0
    ]
  },
  "Torus.026": {
    "position": [
      -79.60000000000001,
      37.800000000000004,
      40.300000000000004
    ],
    "rotation": [
      -45.0,
      30.0,
      -90.0
    ]
  },
  "Torus.027": {
    "position": [
      -80.4,
      37.2,
      25.700000000000003
    ],
    "rotation": [
      135.0,
      45.0,
      90.0
    ]
  },
  "Torus.028": {
    "position": [
      -55.0,
      40.400000000000006,
      41.5
    ],
    "rotation": [
      -60.0,
      -150.0,
      75.0
    ]
  },
  "Torus.029": {
    "position": [
      -63.0,
      48.6,
      32.5
    ],
    "rotation": [
      -15.0,
      -165.0,
      -150.0
    ]
  },
  "Torus.030": {
    "position": [
      -64.0,
      72.60000000000001,
      32.5
    ],
    "rotation": [
      75.0,
      15.0,
      135.0
    ]
  },
  "Torus.031": {
    "position": [
      -56.0,
      64.4,
      41.5
    ],
    "rotation": [
      165.0,
      165.0,
      -30.0
    ]
  },
  "Torus.032": {
    "position": [
      -81.4,
      61.2,
      25.700000000000003
    ],
    "rotation": [
      -180.0,
      -165.0,
      165.0
    ]
  },
  "Torus.033": {
    "position": [
      -80.60000000000001,
      61.800000000000004,
      40.300000000000004
    ],
    "rotation": [
      150.0,
      15.0,
      150.0
    ]
  },
  "Torus.034": {
    "position": [
      -82.60000000000001,
      87.80000000000001,
      40.300000000000004
    ],
    "rotation": [
      -165.0,
      120.0,
      -15.0
    ]
  },
  "Torus.035": {
    "position": [
      -83.4,
      87.2,
      25.700000000000003
    ],
    "rotation": [
      135.0,
      105.0,
      -15.0
    ]
  },
  "Torus.036": {
    "position": [
      -58.0,
      90.4,
      41.5
    ],
    "rotation": [
      -135.0,
      30.0,
      15.0
    ]
  },
  "Torus.037": {
    "position": [
      -66.0,
      98.60000000000001,
      32.5
    ],
    "rotation": [
      165.0,
      105.0,
      -90.0
    ]
  },
  "Cube.005": {
    "position": [
      40.0,
      2.0,
      31.0
    ],
    "rotation": [
      0.0,
      0.0,
      180.0
    ]
  },
  "Cube.006": {
    "position": [
      15.0,
      -1.0,
      29.0
    ],
    "rotation": [
      0.0,
      0.0,
      180.0
    ]
  },
  "Sphere.004": {
    "position": [
      50.0,
      -12.0,
      38.0
    ],